{
    "device_id": "0699",
    "device_type": "",
    "calibration_version": 10,
    "cameras": [
        {
            "size_px": [
                848,
                800
            ],
            "center_px": [
                422.2919921875,
                399.86810302734375
            ],
            "focal_length_px": [
                285.7896899851218,
                286.49345442645057
            ],
            "distortion": {
                "k": [
                    0.00522713285953178,
                    0.029501483113189883,
                    -0.0305094261024871,
                    0.00434426112507146
                ],
                "type": "kannalabrandt4"
            }
        },
        {
            "size_px": [
                848,
                800
            ],
            "center_px": [
                425.314697265625,
                396.94268798828125
            ],
            "focal_length_px": [
                287.14939734673607,
                287.14282597629466
            ],
            "distortion": {
                "k": [
                    -0.008536969213657155,
                    0.059994484193941475,
                    -0.058581818501471226,
                    0.013227691570993952
                ],
                "type": "kannalabrandt4"
            }
        }
    ]
}