{
    "device_id": "0837",
    "device_type": "",
    "calibration_version": 10,
    "cameras": [
        {
            "size_px": [
                848,
                800
            ],
            "center_px": [
                419.57269287109375,
                395.502197265625
            ],
            "focal_length_px": [
                286.0838698573755,
                286.6175285076091
            ],
            "distortion": {
                "k": [
                    -0.0013579498160335747,
                    0.04896354126607172,
                    -0.04862479771175849,
                    0.009881826995914942
                ],
                "type": "kannalabrandt4"
            }
        },
        {
            "size_px": [
                848,
                800
            ],
            "center_px": [
                421.7668151855469,
                400.0506896972656
            ],
            "focal_length_px": [
                286.6895610912675,
                286.6257435338957
            ],
            "distortion": {
                "k": [
                    -0.003869413567771936,
                    0.04801481852939374,
                    -0.043310537032414276,
                    0.007032310913129883
                ],
                "type": "kannalabrandt4"
            }
        }
    ]
}