{
    "device_id": "1536",
    "device_type": "",
    "calibration_version": 10,
    "cameras": [
        {
            "size_px": [
                848,
                800
            ],
            "center_px": [
                419.67498779296875,
                396.4938049316406
            ],
            "focal_length_px": [
                286.2136949643515,
                286.91204117553684
            ],
            "distortion": {
                "k": [
                    -0.00018034749610353927,
                    0.042327422721923,
                    -0.043484066723039796,
                    0.009500068810000734
                ],
                "type": "kannalabrandt4"
            }
        },
        {
            "size_px": [
                848,
                800
            ],
            "center_px": [
                422.63140869140625,
                399.32769775390625
            ],
            "focal_length_px": [
                287.4741345087765,
                287.48262883786475
            ],
            "distortion": {
                "k": [
                    0.015375743278885816,
                    -0.00843673282816079,
                    0.010408147075240253,
                    -0.008331307080526098
                ],
                "type": "kannalabrandt4"
            }
        }
    ]
}