{
    "device_id": "1552",
    "device_type": "",
    "calibration_version": 10,
    "cameras": [
        {
            "size_px": [
                848,
                800
            ],
            "center_px": [
                418.4836120605469,
                394.8837890625
            ],
            "focal_length_px": [
                286.2150028201695,
                286.78789412773546
            ],
            "distortion": {
                "k": [
                    0.007771570048475394,
                    0.023034491579800722,
                    -0.02112974553887949,
                    0.0005576773313524426
                ],
                "type": "kannalabrandt4"
            }
        },
        {
            "size_px": [
                848,
                800
            ],
            "center_px": [
                422.4081115722656,
                400.48370361328125
            ],
            "focal_length_px": [
                285.81999726457445,
                285.7677621007997
            ],
            "distortion": {
                "k": [
                    -0.0010584582666344968,
                    0.03977150729314261,
                    -0.03934622943324335,
                    0.0072502827875374955
                ],
                "type": "kannalabrandt4"
            }
        }
    ]
}