{
    "device_id": "1502",
    "device_type": "",
    "calibration_version": 10,
    "cameras": [
        {
            "size_px": [
                848,
                800
            ],
            "center_px": [
                416.88690185546875,
                396.4081115722656
            ],
            "focal_length_px": [
                286.0238061449997,
                286.5049357248564
            ],
            "distortion": {
                "k": [
                    -0.012707893624196755,
                    0.07250813050853641,
                    -0.07028881251000586,
                    0.016886085559304542
                ],
                "type": "kannalabrandt4"
            }
        },
        {
            "size_px": [
                848,
                800
            ],
            "center_px": [
                420.6026916503906,
                399.0401916503906
            ],
            "focal_length_px": [
                286.9258888932293,
                286.88268256710404
            ],
            "distortion": {
                "k": [
                    0.006824920915319387,
                    0.023736040785733353,
                    -0.022769510833664068,
                    0.0016696122933246805
                ],
                "type": "kannalabrandt4"
            }
        }
    ]
}