{
    "device_id": "0837",
    "device_type": "",
    "calibration_version": 10,
    "cameras": [
        {
            "size_px": [
                848,
                800
            ],
            "center_px": [
                419.57269287109375,
                395.502197265625
            ],
            "focal_length_px": [
                286.2282111644213,
                286.76854318001534
            ],
            "distortion": {
                "k": [
                    -0.0031748074144891713,
                    0.052472811354642976,
                    -0.05072849240254462,
                    0.010250518309737522
                ],
                "type": "kannalabrandt4"
            }
        },
        {
            "size_px": [
                848,
                800
            ],
            "center_px": [
                421.7668151855469,
                400.0506896972656
            ],
            "focal_length_px": [
                286.9209314641575,
                287.00784368579906
            ],
            "distortion": {
                "k": [
                    -0.004429856266437385,
                    0.046372140839376096,
                    -0.039829640355107304,
                    0.005802963264457213
                ],
                "type": "kannalabrandt4"
            }
        }
    ]
}