{
    "device_id": "0699",
    "device_type": "",
    "calibration_version": 10,
    "cameras": [
        {
            "size_px": [
                848,
                800
            ],
            "center_px": [
                422.2919921875,
                399.86810302734375
            ],
            "focal_length_px": [
                286.0880437723742,
                286.78735062339103
            ],
            "distortion": {
                "k": [
                    -0.0028200476204322095,
                    0.044734127892928854,
                    -0.04078837833926774,
                    0.006345232143244601
                ],
                "type": "kannalabrandt4"
            }
        },
        {
            "size_px": [
                848,
                800
            ],
            "center_px": [
                425.314697265625,
                396.94268798828125
            ],
            "focal_length_px": [
                286.86062374133866,
                286.78514707876997
            ],
            "distortion": {
                "k": [
                    -0.005711652440278533,
                    0.048385654669413566,
                    -0.0438607982859651,
                    0.007560897217373938
                ],
                "type": "kannalabrandt4"
            }
        }
    ]
}