{
    "device_id": "1502",
    "device_type": "",
    "calibration_version": 10,
    "cameras": [
        {
            "size_px": [
                848,
                800
            ],
            "center_px": [
                416.88690185546875,
                396.4081115722656
            ],
            "focal_length_px": [
                285.8868880921397,
                286.42152893847
            ],
            "distortion": {
                "k": [
                    -0.010137578642998713,
                    0.06412595982309154,
                    -0.060901407291742864,
                    0.01354970641168926
                ],
                "type": "kannalabrandt4"
            }
        },
        {
            "size_px": [
                848,
                800
            ],
            "center_px": [
                420.6026916503906,
                399.0401916503906
            ],
            "focal_length_px": [
                286.82578354404677,
                286.8023661557277
            ],
            "distortion": {
                "k": [
                    0.004833787206700247,
                    0.030024913113938165,
                    -0.02911689860808968,
                    0.003446284718061217
                ],
                "type": "kannalabrandt4"
            }
        }
    ]
}