{
    "device_id": "1536",
    "device_type": "",
    "calibration_version": 10,
    "cameras": [
        {
            "size_px": [
                848,
                800
            ],
            "center_px": [
                419.67498779296875,
                396.4938049316406
            ],
            "focal_length_px": [
                286.32975526400185,
                286.9690254023209
            ],
            "distortion": {
                "k": [
                    -0.00561113052198554,
                    0.05950071768559424,
                    -0.05839228344713362,
                    0.012774414947463637
                ],
                "type": "kannalabrandt4"
            }
        },
        {
            "size_px": [
                848,
                800
            ],
            "center_px": [
                422.63140869140625,
                399.32769775390625
            ],
            "focal_length_px": [
                286.54230733052526,
                286.4597199276021
            ],
            "distortion": {
                "k": [
                    -0.010038203219978817,
                    0.06568048972811265,
                    -0.06274535831152689,
                    0.014100267775912818
                ],
                "type": "kannalabrandt4"
            }
        }
    ]
}