{
    "device_id": "1552",
    "device_type": "",
    "calibration_version": 10,
    "cameras": [
        {
            "size_px": [
                848,
                800
            ],
            "center_px": [
                418.4836120605469,
                394.8837890625
            ],
            "focal_length_px": [
                286.4635614105597,
                287.03199592821284
            ],
            "distortion": {
                "k": [
                    -0.0017630514252779522,
                    0.04544354986104518,
                    -0.04405121902475763,
                    0.008340652976059315
                ],
                "type": "kannalabrandt4"
            }
        },
        {
            "size_px": [
                848,
                800
            ],
            "center_px": [
                422.4081115722656,
                400.48370361328125
            ],
            "focal_length_px": [
                285.97177695406873,
                285.88948951229344
            ],
            "distortion": {
                "k": [
                    -0.009809066176802389,
                    0.06014027785993267,
                    -0.05609078611216963,
                    0.011507750540048062
                ],
                "type": "kannalabrandt4"
            }
        }
    ]
}