{
    "device_id": "0699",
    "device_type": "",
    "calibration_version": 10,
    "cameras": [
        {
            "size_px": [
                848,
                800
            ],
            "center_px": [
                422.2919921875,
                399.86810302734375
            ],
            "focal_length_px": [
                285.8852199463229,
                286.4325468024986
            ],
            "distortion": {
                "k": [
                    0.0020481520493582086,
                    0.03624312126450314,
                    -0.03563179251637987,
                    0.0051961282054827015
                ],
                "type": "kannalabrandt4"
            }
        },
        {
            "size_px": [
                848,
                800
            ],
            "center_px": [
                425.314697265625,
                396.94268798828125
            ],
            "focal_length_px": [
                286.6122137938548,
                286.5828715136162
            ],
            "distortion": {
                "k": [
                    -0.009787952583738461,
                    0.060831606122314495,
                    -0.05552041500104058,
                    0.0110263063066447
                ],
                "type": "kannalabrandt4"
            }
        }
    ]
}