{
    "device_id": "0837",
    "device_type": "",
    "calibration_version": 10,
    "cameras": [
        {
            "size_px": [
                848,
                800
            ],
            "center_px": [
                419.57269287109375,
                395.502197265625
            ],
            "focal_length_px": [
                285.8259900816371,
                286.4712061774137
            ],
            "distortion": {
                "k": [
                    0.002854948513674199,
                    0.03672677681686112,
                    -0.037436275169654004,
                    0.006811674448054369
                ],
                "type": "kannalabrandt4"
            }
        },
        {
            "size_px": [
                848,
                800
            ],
            "center_px": [
                421.7668151855469,
                400.0506896972656
            ],
            "focal_length_px": [
                287.1447133789207,
                287.0231235049416
            ],
            "distortion": {
                "k": [
                    -0.003885580667454137,
                    0.044832414987988164,
                    -0.03862589341672419,
                    0.005823384733222124
                ],
                "type": "kannalabrandt4"
            }
        }
    ]
}