{
    "device_id": "1552",
    "device_type": "",
    "calibration_version": 10,
    "cameras": [
        {
            "size_px": [
                848,
                800
            ],
            "center_px": [
                418.4836120605469,
                394.8837890625
            ],
            "focal_length_px": [
                286.45334643827175,
                287.0384585266237
            ],
            "distortion": {
                "k": [
                    0.002359705447964004,
                    0.038860028088761246,
                    -0.04094559692816293,
                    0.007946258212336042
                ],
                "type": "kannalabrandt4"
            }
        },
        {
            "size_px": [
                848,
                800
            ],
            "center_px": [
                422.4081115722656,
                400.48370361328125
            ],
            "focal_length_px": [
                285.9344352854139,
                286.3667951202101
            ],
            "distortion": {
                "k": [
                    0.0036768893411511195,
                    0.03389824002784853,
                    -0.04027106240696132,
                    0.009386550180933222
                ],
                "type": "kannalabrandt4"
            }
        }
    ]
}