{
    "device_id": "1536",
    "device_type": "",
    "calibration_version": 10,
    "cameras": [
        {
            "size_px": [
                848,
                800
            ],
            "center_px": [
                419.67498779296875,
                396.4938049316406
            ],
            "focal_length_px": [
                286.1965012753977,
                286.85854598326983
            ],
            "distortion": {
                "k": [
                    -0.0014320091434674184,
                    0.050379243786634824,
                    -0.052307402099680475,
                    0.011608321869103056
                ],
                "type": "kannalabrandt4"
            }
        },
        {
            "size_px": [
                848,
                800
            ],
            "center_px": [
                422.63140869140625,
                399.32769775390625
            ],
            "focal_length_px": [
                286.67489712915557,
                286.61969594569916
            ],
            "distortion": {
                "k": [
                    -0.008252309863512615,
                    0.05956011850730387,
                    -0.056785736317990915,
                    0.012112375421895213
                ],
                "type": "kannalabrandt4"
            }
        }
    ]
}