{
    "device_id": "1502",
    "device_type": "",
    "calibration_version": 10,
    "cameras": [
        {
            "size_px": [
                848,
                800
            ],
            "center_px": [
                416.88690185546875,
                396.4081115722656
            ],
            "focal_length_px": [
                284.7400323739413,
                285.30965269243114
            ],
            "distortion": {
                "k": [
                    -0.0012430905304171846,
                    0.04312258045406986,
                    -0.04264469619856689,
                    0.008960951537263446
                ],
                "type": "kannalabrandt4"
            }
        },
        {
            "size_px": [
                848,
                800
            ],
            "center_px": [
                420.6026916503906,
                399.0401916503906
            ],
            "focal_length_px": [
                286.915727158305,
                286.90178491537944
            ],
            "distortion": {
                "k": [
                    -0.008627627097718962,
                    0.06622288263797155,
                    -0.06468820492387645,
                    0.014719112784790008
                ],
                "type": "kannalabrandt4"
            }
        }
    ]
}